precipitation,temperature
0.30000000000000004,0.8029166666666668
3.6000000000000005,-0.7349999999999998
2.7,-3.6249999999999996
19.9,-4.783333333333334
3.0999999999999996,-6.224166666666665
2.1,-6.43375
18.200000000000003,-2.705416666666667
6.900000000000001,0.35166666666666674
7.1,0.95375
17.700000000000003,-2.279583333333333
30.3,-3.3645833333333326
27.4,-7.274583333333332
8.299999999999999,-9.040833333333333
6.300000000000001,-4.961250000000001
8.700000000000001,-12.709999999999999
6.8,-13.318333333333335
10.500000000000002,-15.117916666666666
0.0,-5.462083333333333
0.0,-5.4799999999999995
0.2,-4.097916666666666
0.0,-1.4075
0.2,0.006666666666666506
4.699999999999999,-0.9358333333333332
0.0,3.533750000000001
0.0,6.02375
0.0,5.4437500000000005
0.0,3.81875
0.0,2.6487499999999997
0.2,1.5941666666666665
1.6,-1.6416666666666666
30.199999999999992,-0.32916666666666644
4.299999999999999,5.777916666666667
0.0,5.444166666666667
22.2,-5.52875
15.700000000000003,-8.029166666666669
3.6999999999999997,0.27083333333333365
0.1,-2.0416666666666665
12.4,-4.447083333333333
2.5,-1.655
20.200000000000003,-3.409166666666667
16.800000000000008,-11.428333333333333
3.6,-8.914166666666665
9.7,-7.232499999999998
10.500000000000002,-4.609583333333332
9.7,-4.364166666666666
1.8000000000000005,-6.652916666666666
0.0,-3.7549999999999994
0.0,-3.276666666666667
0.0,-4.9679166666666665
2.4000000000000004,-8.283750000000001
10.4,-3.917916666666667
1.7000000000000006,3.97625
1.0,3.8195833333333344
12.900000000000002,-2.709166666666667
2.4000000000000004,-3.9104166666666664
2.600000000000001,-3.5083333333333333
0.0,-5.872916666666669
0.9999999999999999,-6.22625
4.699999999999999,-2.7112499999999997
5.3999999999999995,-1.3154166666666667
1.1,-4.376666666666668
19.700000000000003,-3.0054166666666666
42.89999999999999,-9.44125
4.0,-5.440833333333333
17.499999999999996,-6.942083333333333
3.8000000000000007,-10.542916666666668
1.4,-9.350416666666668
2.2,-11.792083333333332
0.0,-6.070833333333334
0.0,-4.853333333333334
0.0,-1.7174999999999996
0.0,-0.8329166666666667
0.0,-3.6729166666666675
0.2,-2.08875
1.2,-1.8358333333333332
5.8,-7.617916666666666
1.0999999999999999,-4.307916666666668
0.0,-1.1875
0.0,0.3616666666666665
0.0,0.21833333333333318
0.0,-0.8224999999999999
0.0,0.8199999999999998
0.30000000000000004,-5.231249999999999
0.1,-3.0416666666666665
2.4000000000000004,-0.22291666666666674
0.0,1.510833333333333
1.4000000000000001,0.7916666666666661
0.5,-0.26499999999999996
0.0,-1.4462500000000007
0.6,1.1099999999999999
4.6,2.118333333333333
11.699999999999998,2.735416666666666
1.6,2.0945833333333335
2.4,2.7491666666666674
4.200000000000002,2.4804166666666667
7.299999999999999,2.8683333333333336
2.5000000000000004,2.814166666666667
1.9000000000000004,1.7791666666666661
13.400000000000002,0.06333333333333328
0.8999999999999999,-0.03125000000000002
0.0,1.8737499999999996
0.0,0.9637500000000001
0.0,0.31208333333333327
6.0,0.06666666666666661
1.6,-0.13749999999999998
0.6,1.0983333333333334
0.8,2.3354166666666667
7.199999999999999,1.24
6.700000000000001,-3.3416666666666663
0.2,1.950833333333333
0.0,8.00083333333333
1.0,8.181666666666665
3.7,3.985833333333334
14.6,1.81375
3.1000000000000005,-6.62
3.1,-8.725000000000001
4.800000000000002,-4.950416666666666
4.6000000000000005,-9.217500000000003
0.0,-3.4220833333333336
0.0,-1.5775
10.700000000000001,-1.3774999999999997
11.599999999999996,-1.03375
0.7999999999999999,0.9641666666666664
1.3,-0.3095833333333333
0.0,1.007083333333333
0.0,3.5175000000000005
0.0,2.107916666666666
0.0,2.1845833333333333
0.4,2.4775000000000005
2.7000000000000006,4.437916666666667
3.3000000000000003,4.305
3.7,4.0775
23.800000000000004,3.0416666666666665
13.399999999999997,2.4933333333333336
4.1000000000000005,2.6341666666666668
0.0,-1.8133333333333335
0.6,-0.9879166666666666
0.1,0.6216666666666666
1.8,2.624166666666667
8.2,-1.445
0.0,4.527499999999999
0.1,6.886666666666668
3.4,6.050833333333333
44.800000000000004,-2.0091666666666668
4.199999999999999,1.6370833333333332
0.0,4.944583333333333
0.2,6.554166666666668
1.5000000000000002,8.73625
2.0,8.412083333333332
21.800000000000008,5.320416666666667
5.999999999999998,3.7424999999999997
2.4000000000000004,3.382916666666666
0.8999999999999999,4.1745833333333335
6.499999999999999,4.489166666666667
4.499999999999999,5.568750000000001
3.9,5.602916666666666
3.9000000000000004,6.071666666666666
2.8,6.287083333333334
2.4000000000000004,7.072083333333333
1.7000000000000002,6.574166666666668
0.1,5.212916666666667
0.1,7.700833333333333
4.999999999999998,5.642916666666668
0.2,4.569166666666667
10.3,5.733333333333333
3.5,5.07625
2.4,3.672916666666667
15.4,5.1866666666666665
2.5,2.8787499999999997
7.5,3.417916666666667
1.9000000000000008,2.6854166666666663
0.4,6.461666666666667
6.6,9.798333333333334
0.0,12.065
0.0,12.239166666666668
4.1,12.825416666666664
5.0,8.940416666666664
2.5,7.303333333333335
0.4,6.522083333333332
0.0,8.547499999999998
0.0,8.276666666666666
8.6,6.733333333333333
0.0,8.102500000000001
4.5,7.184583333333332
1.0999999999999999,7.945833333333333
0.0,9.997916666666667
0.4,10.08625
0.7999999999999999,8.258333333333333
0.0,11.450000000000001
0.0,10.72208333333333
0.0,10.704583333333334
0.0,11.056666666666667
12.6,10.841666666666669
29.700000000000003,7.502916666666667
3.300000000000001,3.7366666666666664
3.200000000000001,0.25541666666666657
0.1,1.0366666666666668
0.0,6.812083333333334
0.0,9.25125
0.0,11.248750000000001
0.0,13.19
0.0,13.365416666666667
0.6,12.225833333333332
13.6,11.30958333333333
1.3,10.929583333333333
4.1,11.8525
1.2000000000000002,13.325833333333335
0.2,12.637499999999998
0.1,12.070416666666665
0.8999999999999999,12.181250000000004
0.0,14.269999999999998
1.3,14.136666666666665
12.899999999999997,11.308333333333332
1.2000000000000002,10.737500000000002
0.0,12.066249999999998
0.0,15.000416666666665
6.300000000000001,14.369583333333336
22.8,5.948333333333334
0.0,8.629583333333334
0.0,15.186666666666662
0.0,15.470833333333333
5.199999999999998,11.174999999999999
0.7,6.583333333333333
0.0,7.120416666666667
0.4,11.429166666666667
0.0,15.110833333333332
0.0,14.653333333333336
0.1,13.558749999999998
0.8,12.572499999999998
0.0,12.064583333333337
8.0,11.041666666666666
0.0,13.419166666666667
5.9,12.634166666666664
2.0,9.355833333333335
0.0,13.351666666666667
0.0,18.00083333333333
0.0,19.028333333333332
0.0,18.865833333333338
0.3,17.56083333333333
1.3,16.910833333333333
0.0,15.58625
0.2,14.059583333333334
12.099999999999998,11.1275
0.1,11.573333333333332
0.0,12.877083333333333
0.0,14.09083333333333
0.1,13.571666666666667
0.9,12.43166666666667
19.6,7.5575
0.0,11.672916666666666
0.1,14.299999999999999
0.0,14.167499999999999
0.0,13.453333333333333
2.4000000000000004,12.2875
0.0,12.55333333333333
1.9000000000000001,11.902083333333332
0.6000000000000001,12.00625
0.1,10.726666666666665
21.400000000000006,7.268333333333334
6.299999999999999,5.871666666666666
9.5,5.0495833333333335
21.2,5.204583333333333
3.2,5.8325000000000005
2.0,9.227083333333335
2.9,7.258333333333333
0.0,9.678749999999999
0.0,8.167916666666667
0.0,9.182083333333333
0.1,9.970833333333333
3.8,9.019583333333333
1.3,7.900416666666666
0.0,11.121249999999998
0.0,13.217916666666666
0.0,10.047916666666667
4.199999999999999,6.5575
0.0,4.36875
0.0,4.855416666666668
0.0,7.909166666666667
0.0,7.9816666666666665
0.0,6.928749999999998
0.0,6.690000000000001
0.0,4.652916666666666
0.30000000000000004,1.6179166666666662
0.0,0.8183333333333335
0.0,-1.1379166666666665
0.0,2.04625
8.9,1.5783333333333334
15.999999999999998,3.7108333333333334
0.3,4.10125
0.0,8.490833333333333
2.4000000000000004,5.733333333333332
3.3000000000000007,3.516666666666667
1.7000000000000002,1.5316666666666665
0.30000000000000004,-2.206666666666667
0.0,-2.2575000000000003
0.0,-0.17124999999999999
2.6000000000000005,3.2362500000000005
0.0,4.755416666666668
16.400000000000002,5.6674999999999995
2.9000000000000004,4.347916666666666
0.0,6.685
0.0,9.508333333333333
0.0,11.026666666666666
0.0,8.798750000000002
0.0,7.8424999999999985
0.0,7.410833333333333
0.0,2.8200000000000003
0.0,0.4979166666666666
0.0,1.6004166666666662
7.0,2.48875
5.199999999999998,-3.1529166666666666
1.0999999999999999,-8.149583333333334
3.0000000000000004,-7.356249999999998
15.1,-4.757083333333333
34.0,-4.624999999999999
26.400000000000002,-6.581666666666666
0.1,-3.5541666666666667
4.300000000000001,2.2337499999999997
0.0,0.12208333333333328
0.0,3.110416666666667
1.1,6.1358333333333315
0.1,3.0174999999999996
6.700000000000001,0.5025
5.599999999999999,-2.9233333333333333
0.30000000000000004,-2.540833333333333
14.700000000000001,1.4708333333333332
20.5,2.299583333333333
16.400000000000002,2.9783333333333335
25.3,2.6916666666666664
15.899999999999997,1.5687499999999999
0.0,-1.4874999999999998
0.0,2.7895833333333333
0.0,1.6558333333333335
0.0,-0.6166666666666666
0.0,2.0500000000000003
0.0,4.497083333333333
0.0,4.4075
0.0,3.31125
0.0,1.1154166666666667
0.0,-0.18833333333333332
0.0,1.4300000000000004
0.0,4.26125
0.0,6.327083333333333
0.0,8.747083333333332
0.0,8.939583333333333
0.0,3.9633333333333325
0.0,0.5062499999999999
0.0,3.2133333333333343
0.0,2.785416666666667
0.0,2.234583333333333
0.0,0.7345833333333335
0.0,-0.03208333333333322
0.0,1.3229166666666667
4.0,-6.4075
15.899999999999999,-3.8641666666666663
0.0,0.3733333333333335
0.0,1.5458333333333334
0.0,3.0187500000000003
0.0,0.07916666666666701
1.8000000000000003,1.5875000000000001
0.5,4.033333333333334
0.30000000000000004,-1.9858333333333336
0.0,2.4929166666666664
0.0,3.510833333333334
0.0,1.9416666666666673
0.0,1.1516666666666666
0.0,-0.16666666666666666
0.6,-2.9608333333333334
0.1,-4.179166666666667
8.5,-5.458750000000001
5.200000000000001,-14.147499999999999
0.0,-9.345
6.1000000000000005,-5.8620833333333335
11.500000000000002,-5.58125
0.0,-0.9854166666666666
5.6000000000000005,-4.864166666666667
2.0,-4.842083333333333
5.6000000000000005,-3.7629166666666674
28.199999999999996,-11.594583333333333
19.099999999999998,-13.597499999999997
4.999999999999999,-14.40791666666667
0.0,-15.994999999999996
0.0,-13.883333333333333
0.0,-6.990416666666666
0.0,-4.849166666666667
0.0,-6.865416666666668
0.0,-7.165416666666665
0.0,-4.624583333333334
0.0,-0.08250000000000009
0.0,-3.2070833333333337
0.0,-6.8445833333333335
0.0,-7.899166666666667
0.4,-5.659583333333333
0.5,-4.225833333333333
0.0,-1.9270833333333337
3.4,0.4658333333333333
9.000000000000002,2.2220833333333334
1.3000000000000003,2.647916666666666
0.4,-1.9741666666666664
8.7,-2.7516666666666665
8.799999999999999,-6.48375
16.4,-3.1570833333333326
12.699999999999998,-6.628333333333334
7.499999999999999,-1.83875
3.2000000000000006,-2.807916666666667
0.2,-4.2875
0.9999999999999999,-5.638333333333332
0.0,-4.3549999999999995
0.5,-3.357083333333333
0.0,-1.8783333333333336
0.7999999999999999,-0.7404166666666664
0.0,-1.005416666666667
0.0,0.5775
3.9000000000000004,-2.107916666666667
0.0,-0.8562500000000001
0.0,-1.2466666666666668
0.0,-1.9866666666666661
1.1,1.4041666666666668
0.0,-0.24541666666666662
0.6,-0.39291666666666675
7.000000000000001,-5.9504166666666665
0.0,-0.04916666666666684
0.0,4.547083333333334
0.0,-1.4262499999999998
16.4,-4.262083333333332
9.399999999999999,-6.053333333333334
5.199999999999999,-1.6541666666666666
1.3000000000000003,-1.4775
14.9,-3.8295833333333333
12.0,-6.446666666666669
45.399999999999984,-5.8495833333333325
16.900000000000002,-9.011666666666665
4.8,-1.2712499999999995
11.5,2.0962499999999995
0.8999999999999999,-0.8837499999999999
0.0,3.2675000000000005
0.0,3.872500000000001
0.0,1.5337500000000002
0.0,2.5508333333333337
0.0,5.297083333333332
0.0,4.689166666666666
0.0,2.240833333333333
9.599999999999998,-0.5791666666666669
3.1,3.3324999999999996
0.0,5.030000000000002
0.0,3.097083333333334
2.0000000000000004,-0.6233333333333333
4.699999999999999,-0.27333333333333343
6.699999999999998,1.2191666666666665
0.5,1.5758333333333334
8.3,0.9179166666666666
0.5,2.2683333333333335
0.30000000000000004,2.90375
0.0,3.5924999999999994
0.1,5.6383333333333345
0.7999999999999999,3.975000000000001
1.5,-0.8674999999999998
7.9,0.8245833333333333
0.0,1.935833333333333
0.0,0.4545833333333331
0.30000000000000004,-1.1812499999999997
0.0,1.5491666666666664
0.0,2.9499999999999993
0.0,4.7925
1.3,4.715416666666667
0.0,4.4291666666666645
0.30000000000000004,3.32
0.0,3.8845833333333335
0.0,2.8362499999999997
0.1,4.338333333333334
3.1,1.7458333333333336
1.7000000000000004,-1.4391666666666667
0.2,-2.1812500000000004
0.7999999999999999,-8.480416666666668
0.0,-10.975833333333336
0.0,-6.920416666666667
0.0,-0.10541666666666687
0.0,1.4012499999999994
0.30000000000000004,1.7195833333333328
0.0,3.5108333333333337
13.8,0.9008333333333334
10.699999999999996,-1.2266666666666668
8.3,-0.5570833333333334
21.600000000000005,-8.13875
0.0,-0.35624999999999957
0.2,0.8441666666666664
10.299999999999999,-3.416666666666666
2.1,-2.28375
3.3,-1.0191666666666663
8.8,-0.6441666666666667
0.0,2.887916666666667
16.799999999999997,3.5070833333333344
5.300000000000001,0.5370833333333335
3.8000000000000007,0.45291666666666686
0.0,2.347916666666666
0.30000000000000004,4.309583333333333
3.1,2.3079166666666664
13.9,3.483333333333333
9.1,4.308749999999999
0.0,3.362916666666667
0.0,3.8275
0.0,7.905833333333335
5.8,8.552916666666667
6.699999999999999,5.794166666666666
15.899999999999999,2.610833333333334
0.1,-0.2233333333333332
0.0,5.582083333333333
0.0,7.886666666666668
0.0,7.344583333333333
0.0,8.495833333333335
0.0,8.926250000000001
0.0,10.02833333333333
0.0,10.383750000000001
0.1,10.702083333333334
9.899999999999999,11.040833333333333
4.8999999999999995,8.149166666666664
6.4,8.115416666666665
6.3999999999999995,7.238333333333333
2.5,7.733333333333334
13.7,7.175
10.699999999999998,6.340833333333333
14.4,6.032916666666665
2.4000000000000004,3.5270833333333336
0.30000000000000004,1.8233333333333335
0.0,8.6075
1.2000000000000002,8.066250000000002
0.0,10.132500000000002
0.3,13.19083333333333
0.0,13.160416666666665
0.0,14.212916666666667
12.899999999999999,11.886666666666665
0.0,11.36208333333333
0.0,7.734999999999999
0.0,8.07625
0.0,10.250416666666668
0.0,12.028333333333334
0.0,11.736666666666666
0.0,12.634583333333332
2.0000000000000004,13.179583333333333
0.0,10.413333333333334
0.0,10.289166666666665
0.4,8.068333333333333
10.7,10.050416666666667
1.6,6.657083333333333
13.9,6.316666666666666
3.8,3.633333333333334
0.0,2.285
0.5,3.6429166666666664
0.7,4.257083333333334
0.7,7.902500000000001
0.6000000000000001,10.43458333333333
0.0,11.345416666666667
0.0,12.390833333333331
0.0,12.39625
1.7,13.395000000000001
13.299999999999997,11.857916666666666
5.1000000000000005,11.659166666666664
1.2,10.061666666666666
0.0,11.79625
1.9000000000000001,14.408333333333333
0.8999999999999999,9.792499999999997
0.0,8.678750000000003
0.0,13.049583333333333
0.0,14.29916666666667
0.5,14.363333333333332
5.2,15.89583333333333
10.2,11.559166666666664
1.6,11.465416666666664
7.299999999999999,12.606666666666664
0.30000000000000004,11.260833333333332
8.400000000000002,6.730416666666666
8.1,3.27875
2.2,4.1258333333333335
0.1,10.914583333333333
0.2,14.04458333333333
7.2,14.644166666666665
4.7,14.459166666666668
1.7,15.02083333333333
5.9,14.905416666666667
0.2,16.044583333333332
0.0,16.174583333333334
0.7000000000000001,16.883749999999996
0.0,16.97666666666667
6.6,13.014166666666663
0.2,15.182916666666666
15.2,11.001666666666667
2.7,10.331666666666667
5.999999999999999,7.8183333333333325
22.200000000000003,2.5941666666666663
1.9000000000000001,6.526250000000001
0.0,12.918333333333331
2.5,13.692499999999997
2.3000000000000003,14.312916666666666
3.6999999999999997,13.437500000000002
0.30000000000000004,14.363750000000001
13.8,14.303333333333333
3.6000000000000005,10.707083333333335
0.0,10.369166666666667
0.0,12.167500000000002
0.0,14.019999999999996
0.1,14.85083333333334
7.9,14.189999999999998
1.9000000000000001,14.757083333333334
0.7,15.538750000000002
4.6,15.754999999999997
2.9000000000000004,14.824166666666665
0.0,15.927916666666668
8.499999999999998,14.725833333333329
27.8,10.849166666666664
1.9000000000000001,8.253333333333336
9.599999999999998,1.649166666666667
0.2,2.83375
0.4,6.44125
0.9999999999999999,11.006666666666668
1.6,11.897916666666665
0.6,10.426666666666668
0.0,9.47
16.5,6.220416666666668
5.999999999999998,4.346666666666667
0.2,8.2175
1.6,3.0233333333333334
4.8999999999999995,9.097916666666666
13.0,4.786249999999999
0.8999999999999999,4.24875
1.7,1.8800000000000001
2.2,1.745
1.9000000000000001,1.6508333333333332
4.6,-1.0754166666666667
0.2,2.317083333333333
0.0,10.190416666666666
0.0,10.372499999999999
0.5,8.635416666666666
0.0,6.340416666666666
0.0,7.133333333333333
1.0999999999999999,7.434166666666667
0.0,7.599166666666668
0.4,10.580416666666666
0.0,11.175416666666665
14.100000000000001,9.318333333333333
0.2,7.132083333333331
8.6,9.501249999999999
9.899999999999999,7.909999999999999
0.0,11.715833333333336
0.0,9.377916666666668
4.0,-1.2625
0.0,3.497083333333333
2.3000000000000003,4.111666666666666
0.4,6.823333333333333
0.0,7.32125
0.0,8.917083333333334
0.0,9.077083333333333
0.0,11.438333333333333
0.0,12.06
0.0,12.846666666666662
0.0,12.812083333333332
0.0,11.109166666666667
0.0,9.390416666666667
0.0,7.949166666666666
0.0,8.169166666666667
2.6999999999999997,7.3629166666666634
12.700000000000001,-1.6795833333333334
9.399999999999997,-3.270833333333334
0.6,5.142499999999999
0.0,11.714166666666666
0.0,11.152916666666668
1.6,2.4658333333333338
0.0,1.9020833333333336
5.1,1.7570833333333329
0.0,2.7825
0.0,4.811666666666668
0.0,5.286666666666667
0.0,5.199583333333334
0.0,7.036666666666666
2.2,5.082083333333335
27.899999999999995,-1.1770833333333333
7.399999999999997,-6.08875
0.0,1.1045833333333335
1.5000000000000004,-2.2425
0.0,-3.2495833333333324
1.0999999999999999,-0.3654166666666667
12.200000000000001,-1.8933333333333333
32.800000000000004,-2.3866666666666667
26.4,-10.462916666666667
0.2,-3.3237500000000004
0.0,3.6820833333333334
0.0,3.7191666666666667
0.0,1.8766666666666667
0.0,-0.8133333333333334
2.8000000000000003,-4.254583333333334
0.0,-1.2312500000000002
0.0,1.1833333333333333
0.0,6.705833333333332
0.0,0.6733333333333335
0.0,1.2587499999999998
13.0,-2.804583333333333
4.699999999999997,-12.213750000000003
0.0,-6.684583333333332
0.0,-3.9395833333333337
2.0000000000000004,-7.983333333333333
4.5,-11.792499999999999
4.399999999999999,-11.802083333333334
1.0999999999999999,-7.62125
0.1,-9.027499999999998
0.1,-7.977916666666668
0.0,-0.30083333333333323
0.0,0.8208333333333334
0.0,-0.7045833333333332
14.6,-6.529583333333334
10.799999999999999,-14.089166666666666
26.4,-2.4083333333333328
14.6,-1.55375
1.6,-8.046666666666665
1.4000000000000001,-5.438749999999999
17.4,-4.335833333333334
15.1,-8.2975
7.700000000000001,-9.985416666666664
2.3000000000000003,-11.118750000000004
12.5,-6.093333333333334
0.0,-4.0458333333333325
0.7,-4.346666666666666
3.8,0.2233333333333333
4.9,0.7933333333333333
0.0,4.4075
0.0,7.192500000000002
0.0,3.2429166666666664
1.2000000000000002,-5.129166666666666
7.0,-8.014166666666666
11.2,-14.625000000000005
12.499999999999998,-9.883333333333335
47.29999999999998,-1.5145833333333334
0.6,0.945
18.5,-4.979166666666667
26.099999999999998,-7.065833333333331
45.800000000000004,-2.2875
73.39999999999998,-0.6754166666666664
4.2,0.22541666666666663
0.0,-2.50125
8.200000000000001,-0.002499999999999905
16.9,-0.5833333333333334
16.1,-2.5112500000000004
0.0,-4.032500000000001
0.0,-5.062083333333334
0.0,-5.1362499999999995
0.0,-3.1250000000000004
0.0,-4.51125
0.4,-4.73375
16.3,-4.8620833333333335
48.500000000000014,-10.4775
26.1,-4.778333333333333
13.100000000000001,-7.15125
25.8,-7.075416666666668
39.599999999999994,-4.45125
64.80000000000001,-0.19000000000000003
0.0,-1.3020833333333333
0.0,3.193750000000001
0.0,-1.6820833333333336
1.2,-3.0445833333333336
0.0,-0.3916666666666668
0.0,3.2433333333333336
0.0,4.7625
0.0,4.211250000000001
0.0,-0.11666666666666699
8.6,-6.973333333333332
0.0,-9.58125
0.4,-10.576666666666664
1.1,-6.581666666666666
3.1000000000000005,-7.3908333333333305
0.8,-6.650833333333334
0.0,-5.428333333333334
0.0,-5.5445833333333345
0.0,-7.124583333333331
1.6,-8.225416666666666
3.3000000000000003,-2.295
5.2,-12.885833333333336
0.0,-11.142916666666666
0.0,-6.7770833333333345
12.200000000000001,0.8404166666666669
5.2,1.9737500000000001
5.5,-0.26499999999999974
0.1,-4.959583333333334
0.0,-4.842916666666667
0.1,-8.054166666666667
0.0,-8.44
0.5,-6.217083333333334
0.0,-6.340833333333336
0.4,-1.6066666666666665
0.0,-5.169583333333333
0.0,-15.40625
0.30000000000000004,-16.993333333333332
0.7000000000000001,-11.153333333333334
3.6000000000000005,-1.6358333333333333
6.800000000000001,-2.1
4.6,-3.41625
0.2,-2.7387499999999996
0.0,-1.2425
5.6,-2.4570833333333337
4.8,-6.594583333333333
0.8,-5.160416666666666
0.0,1.5962500000000002
1.4000000000000001,1.385
5.1,-0.33625
6.400000000000001,-2.3762499999999993
6.0,-5.852083333333333
0.1,-1.6770833333333333
7.900000000000001,-3.3662500000000004
0.0,-2.7845833333333334
11.0,-3.7312500000000006
3.9000000000000004,-4.265416666666666
0.8999999999999999,-5.6504166666666675
0.30000000000000004,-7.450833333333333
0.0,-11.112916666666669
1.0999999999999999,-6.032916666666666
2.2,-3.410416666666667
0.0,-1.69625
0.1,-3.827916666666667
3.4999999999999996,-4.9525
9.6,-2.6045833333333333
9.600000000000001,-0.07708333333333352
2.5,-4.099583333333334
4.4,-4.110000000000002
11.199999999999998,-4.819166666666667
4.199999999999999,-6.8275
0.0,0.9295833333333333
4.1,-0.7645833333333333
2.1,-0.39375000000000004
0.30000000000000004,-1.265416666666667
0.0,6.275833333333334
3.4,7.005
0.6,1.647916666666667
3.1,0.09666666666666662
12.599999999999998,-1.866666666666667
11.1,-1.7237499999999997
11.7,-2.112083333333334
0.2,-2.0337499999999995
0.0,2.454166666666667
0.0,3.9866666666666677
4.8999999999999995,3.12875
0.0,4.720416666666666
0.0,6.846249999999999
0.0,6.283333333333332
0.0,5.465416666666667
0.0,7.435416666666669
0.0,7.2299999999999995
0.30000000000000004,6.5391666666666675
0.0,5.985416666666666
0.0,6.817916666666666
0.7,5.034166666666667
0.1,4.669583333333333
0.5,4.545833333333333
4.7,4.221666666666667
2.4000000000000004,-1.59375
3.3000000000000003,-0.5775
4.2,2.4441666666666664
1.2999999999999998,4.962083333333333
1.0,5.89125
0.1,5.963333333333334
0.0,7.906250000000003
1.0000000000000002,6.480833333333334
5.3999999999999995,5.800833333333333
1.7,5.3125
6.0,4.292916666666668
0.0,5.075
0.0,6.239999999999998
3.9999999999999996,3.504166666666666
8.7,1.2570833333333333
10.700000000000001,2.0416666666666665
4.8999999999999995,3.0162500000000008
0.4,3.32875
0.0,4.272500000000001
0.0,4.0375000000000005
2.3000000000000003,4.392916666666666
2.8000000000000003,4.372916666666667
12.2,5.285
11.5,5.505833333333334
0.0,5.48125
0.0,8.307916666666666
5.699999999999999,10.110416666666667
3.6999999999999997,8.599999999999998
0.2,5.945833333333334
4.1000000000000005,5.909166666666668
1.2000000000000002,5.755416666666666
4.2,5.379166666666667
0.8999999999999999,5.701249999999999
0.0,6.911666666666666
3.3,6.955416666666669
7.8,6.053333333333334
0.4,5.385416666666667
7.000000000000001,5.6000000000000005
0.8,6.26875
3.9,7.344166666666666
1.7,8.960833333333335
1.8,9.911666666666669
7.3999999999999995,7.081666666666668
17.1,6.844999999999999
18.000000000000007,5.283333333333333
0.5,6.174583333333332
0.1,7.71625
0.0,7.351666666666667
0.9999999999999999,7.421250000000001
0.30000000000000004,8.112083333333333
0.0,11.1775
0.30000000000000004,10.744166666666667
0.0,10.430416666666666
0.1,6.637083333333332
0.0,6.8879166666666665
0.8,7.144166666666667
0.0,6.877916666666667
0.0,8.572916666666666
0.0,10.307083333333333
0.2,7.687083333333334
2.7,9.3725
0.0,11.740416666666668
0.0,13.204166666666666
1.6,11.702916666666669
0.7,10.507916666666667
3.5999999999999996,9.763749999999998
3.000000000000001,7.468333333333334
6.199999999999999,7.226250000000001
0.0,9.191666666666666
0.0,10.244583333333333
0.0,10.182083333333333
0.5,10.66125
0.0,11.68833333333333
0.0,12.418333333333335
0.0,12.861666666666663
0.2,13.680416666666666
2.8000000000000003,13.155
2.0,11.286666666666667
0.0,11.542499999999999
0.0,14.351666666666668
0.0,13.767083333333334
11.500000000000002,13.011666666666665
12.9,9.895000000000001
1.5000000000000002,10.102916666666667
0.0,12.229583333333336
4.800000000000001,13.427916666666668
1.1,13.482083333333334
0.2,15.119999999999997
0.0,15.303749999999996
10.100000000000001,13.750833333333333
0.0,15.333333333333334
0.1,16.349166666666665
0.0,16.402083333333334
3.6,15.73208333333333
0.0,16.127916666666668
0.30000000000000004,17.042916666666667
0.0,16.965833333333332
1.7000000000000002,16.518749999999997
6.300000000000001,15.018749999999999
3.5,14.689166666666665
4.1,14.361666666666666
6.900000000000001,11.790833333333332
0.30000000000000004,11.460833333333335
0.0,12.966249999999997
0.0,12.949583333333331
9.3,11.959583333333333
1.0999999999999999,10.580000000000004
0.0,13.517916666666666
0.0,14.388750000000002
6.1000000000000005,12.025833333333331
3.6,12.121666666666668
2.3,13.242500000000001
0.5,14.052500000000004
3.9,13.802083333333336
2.8000000000000003,13.682083333333336
4.500000000000001,12.954583333333334
1.9000000000000006,11.862499999999999
3.600000000000001,7.774999999999999
0.6,6.516666666666666
0.0,14.124166666666667
0.0,15.653333333333334
14.600000000000001,13.480833333333331
1.2,12.166249999999998
1.5000000000000004,9.164583333333335
1.5,5.80125
7.799999999999999,8.887083333333335
0.9999999999999999,7.989166666666667
0.0,10.154999999999998
1.1,11.578333333333333
17.5,10.31375
0.0,9.88875
0.0,12.305416666666666
0.30000000000000004,12.438333333333334
0.0,12.793333333333331
0.0,14.985000000000001
1.8,14.90875
0.9,12.529583333333337
0.5,11.61333333333333
0.0,11.862916666666665
0.4,12.848749999999997
1.5,11.577083333333334
0.0,11.876249999999999
0.4,12.304583333333333
0.0,13.49125
2.1,12.534999999999998
2.3000000000000003,11.031666666666666
3.9,13.592916666666666
4.6,8.256666666666668
0.0,10.595416666666667
0.0,13.805416666666666
0.0,15.482083333333334
0.0,14.008333333333333
0.9,9.562499999999998
14.1,8.547083333333335
13.699999999999998,0.5537500000000001
2.1,0.1170833333333328
0.0,7.163749999999999
0.0,10.650416666666667
0.0,10.182916666666667
0.0,8.640833333333331
0.9999999999999999,6.949583333333333
0.0,8.883333333333331
0.1,9.609166666666667
4.5,5.772916666666666
12.699999999999998,5.795833333333333
0.0,7.873333333333334
0.0,7.244166666666666
0.4,2.2274999999999996
2.2,3.2495833333333337
0.0,6.322499999999998
0.0,8.194583333333332
0.0,9.848333333333331
0.0,10.717083333333335
0.0,9.988333333333332
0.0,9.323333333333332
0.0,8.8725
0.0,6.949583333333334
3.0,5.655833333333335
0.0,11.46375
0.0,8.149166666666668
13.300000000000002,3.6370833333333334
4.7,2.263333333333333
67.8,3.65
2.2,-3.379999999999999
10.1,-0.4612499999999999
11.8,0.9087500000000001
2.3000000000000007,1.6741666666666666
1.4000000000000001,3.5641666666666665
9.200000000000001,4.232083333333334
7.6000000000000005,2.8325
16.800000000000004,3.5745833333333334
0.5,0.3904166666666667
0.30000000000000004,1.687083333333333
1.5000000000000002,2.1670833333333333
2.0000000000000004,2.43625
0.6000000000000001,2.4787500000000002
0.0,3.8608333333333333
0.0,4.634166666666666
0.0,6.753333333333331
0.0,6.142083333333335
0.0,5.563749999999998
0.0,-2.255833333333333
0.0,-2.1879166666666667
2.2,-7.104583333333333
0.0,-6.525833333333334
7.4,-0.21583333333333324
0.0,-1.4495833333333332
6.3999999999999995,-1.8100000000000003
6.0,-1.1720833333333334
2.2,-0.7745833333333333
4.1000000000000005,-3.8249999999999997
3.5,-7.848333333333334
0.0,-1.0787500000000003
0.0,6.443333333333334
3.000000000000001,0.7475
0.30000000000000004,-1.26
15.700000000000001,4.074999999999999
28.8,3.0483333333333333
14.0,-1.6025
0.30000000000000004,3.9
9.899999999999999,1.8549999999999998
4.0,3.9595833333333323
15.499999999999998,-5.926249999999999
49.3,-4.541666666666667
37.099999999999994,-7.352500000000002
1.3,-9.535416666666665
0.0,-5.600416666666667
0.0,-6.623333333333335
0.0,-5.507916666666667
4.3,-2.749166666666667
13.399999999999999,-1.18125
3.5999999999999996,-5.4975
0.0,1.747083333333333
6.3999999999999995,0.4858333333333335
0.2,-5.42875
10.3,-0.026666666666666727
6.899999999999999,0.5249999999999999
14.700000000000001,0.16041666666666662
23.900000000000002,-1.491666666666667
0.0,0.8983333333333334
0.0,5.214166666666667
0.0,5.71
0.0,5.332083333333334
0.0,1.147916666666667
0.0,-3.4758333333333327
1.2,-0.30791666666666645
0.0,1.6474999999999993
0.0,-10.708333333333334
0.0,-8.758333333333335
0.0,-6.481666666666665
2.6,-3.377916666666667
0.9999999999999999,-5.04375
0.0,-3.3449999999999993
8.2,-4.762916666666667
19.4,-12.062916666666668
1.0999999999999999,-12.580833333333333
0.4,-7.655000000000002
1.4,-4.6450000000000005
41.3,-2.7154166666666666
26.8,-6.9645833333333345
0.0,-4.007500000000001
0.0,2.8075000000000006
4.299999999999999,-5.502083333333334
1.9000000000000001,-8.267916666666666
0.0,-6.5575
0.1,-6.115000000000001
0.0,-8.108749999999999
0.0,-7.735833333333335
0.0,-9.227083333333331
0.0,-10.797916666666666
0.0,-11.875
1.5000000000000002,-1.442916666666667
11.6,-5.597083333333334
16.999999999999996,-11.840000000000002
1.4000000000000001,-10.665000000000001
3.9,-12.915833333333333
6.8,-7.109999999999999
12.6,-2.8662500000000004
1.6,-5.993333333333333
5.199999999999998,-9.664583333333335
0.0,-3.3412500000000005
0.0,1.4170833333333335
0.0,2.2112499999999997
1.9000000000000001,0.5091666666666664
0.1,-1.8150000000000002
0.8,-2.6599999999999997
10.2,-4.205
23.69999999999999,-10.305833333333334
0.0,-6.686666666666664
0.0,2.0383333333333336
0.0,3.4933333333333327
0.0,4.435
0.0,5.1937500000000005
0.0,3.41375
0.0,2.3945833333333337
0.0,0.4166666666666666
0.0,0.5575
0.0,2.047916666666666
0.0,1.1266666666666667
0.0,4.851666666666667
0.0,4.218749999999999
0.0,4.670416666666667
0.0,5.354166666666667
0.0,7.451249999999998
0.0,1.7587499999999991
12.6,-5.0162499999999985
0.2,-2.097916666666667
0.0,1.3041666666666667
7.500000000000001,-4.417083333333333
0.9,-6.819583333333334
1.2000000000000002,-2.205416666666667
7.599999999999999,-3.3962499999999998
0.2,-4.939583333333332
8.5,-0.17541666666666664
5.8,0.08875000000000006
22.300000000000004,-9.733333333333333
0.4,-3.942083333333334
11.399999999999999,-7.739999999999998
33.99999999999999,-7.22
36.49999999999999,-1.7749999999999997
0.4,2.0504166666666666
3.8,-1.7358333333333336
3.7000000000000006,-10.075416666666667
0.0,-6.302916666666666
0.0,-1.2537500000000004
0.0,2.540833333333334
0.0,2.2416666666666667
0.0,4.697916666666667
0.0,3.8470833333333334
0.6,-2.27
0.8999999999999999,-6.8691666666666675
0.0,-0.11916666666666664
0.0,-0.02291666666666663
0.0,-0.07041666666666661
0.0,-0.46583333333333354
0.0,0.9079166666666668
0.0,-0.7379166666666667
2.8,-0.22541666666666652
13.4,-1.7975
42.599999999999994,-5.148750000000001
0.0,-1.5533333333333328
0.0,-2.1149999999999998
7.9,-1.3379166666666669
0.2,-1.6904166666666667
0.0,-1.970833333333333
0.7999999999999999,-0.23666666666666658
1.3,0.5808333333333332
0.0,-0.36041666666666666
0.2,-1.654583333333333
0.1,-5.8808333333333325
0.0,-3.0020833333333337
0.2,0.05458333333333332
0.0,1.6970833333333335
0.1,4.590833333333334
0.6,2.2820833333333335
0.0,0.3541666666666667
0.7000000000000001,0.21125000000000005
2.4000000000000004,-0.051249999999999955
5.1000000000000005,1.86625
12.899999999999995,2.0091666666666668
2.8000000000000003,0.8129166666666667
12.4,-1.0041666666666667
1.3,-2.1966666666666668
6.6999999999999975,-6.090416666666667
0.9,-4.2179166666666665
0.0,0.7854166666666665
0.0,2.7712499999999998
1.9999999999999998,1.6387500000000002
3.100000000000001,0.39208333333333334
4.6,-1.9908333333333335
5.200000000000002,-10.127916666666664
0.1,-4.979166666666668
0.0,1.7983333333333336
17.3,1.715
6.6000000000000005,-0.9337500000000003
0.1,2.065
8.899999999999999,0.8616666666666668
4.799999999999998,-4.737916666666666
0.0,3.402500000000001
0.0,2.455
0.0,-0.6158333333333333
0.0,2.397916666666667
6.3999999999999995,0.6345833333333334
1.7000000000000004,1.6587500000000002
12.0,3.509583333333333
13.4,2.8879166666666674
4.199999999999999,2.41
0.4,4.036249999999999
0.0,5.277083333333333
0.0,5.4675
10.7,5.09875
0.7,4.586250000000001
4.699999999999999,5.358333333333333
11.0,2.1275
4.0,-1.5291666666666666
0.0,3.4741666666666666
0.0,7.5412500000000025
0.0,9.5825
0.0,9.814166666666667
3.4,9.977916666666665
2.8,9.382083333333332
0.1,8.294583333333334
5.1,5.268750000000001
0.4,5.335416666666667
0.0,5.254166666666667
7.200000000000001,7.482500000000001
10.0,7.577083333333333
6.3999999999999995,4.968333333333333
3.1000000000000005,4.235833333333333
0.0,3.0975000000000006
5.5,6.747916666666668
4.999999999999999,7.218750000000001
0.0,6.587916666666665
0.30000000000000004,7.005
1.6,9.286666666666667
1.3,8.904583333333331
7.499999999999999,7.490833333333334
10.100000000000001,7.192083333333334
4.9,6.929166666666667
0.0,12.104999999999999
0.0,15.480416666666668
0.0,18.657083333333333
0.0,19.260416666666668
0.0,18.112916666666667
0.0,15.726249999999995
0.0,16.39583333333334
2.6,16.305
2.4,14.96
3.9000000000000004,13.120416666666669
9.4,12.26375
0.0,11.449583333333331
0.0,12.371666666666668
4.0,12.162916666666666
0.0,9.256666666666666
0.0,8.635833333333334
0.1,9.230416666666667
0.0,9.274583333333334
1.1,9.702500000000002
0.2,7.17625
0.7999999999999999,6.0249999999999995
3.8000000000000003,7.690416666666668
20.0,5.906666666666667
0.0,8.846666666666668
0.0,9.234166666666667
0.0,8.779166666666667
0.0,8.85375
1.6000000000000003,10.82875
0.0,11.705833333333333
0.0,14.2525
0.1,13.853749999999998
0.0,15.360416666666667
1.4,15.982916666666663
2.2,13.903333333333336
14.300000000000002,9.10125
16.2,6.455833333333332
0.4,10.78125
0.4,10.544166666666667
2.0,9.02625
2.7,10.8925
6.800000000000001,7.372083333333332
0.0,6.563749999999999
0.0,11.51083333333333
0.0,9.755
8.5,8.043333333333331
20.899999999999995,7.994583333333332
0.0,10.747916666666669
0.1,10.711666666666666
0.0,9.718750000000002
1.9,8.155416666666667
14.0,6.890833333333333
0.0,5.974583333333334
0.0,7.120416666666666
0.0,7.540833333333334
0.0,9.512083333333333
0.0,11.66666666666667
0.1,12.92125
7.600000000000001,12.06166666666667
12.4,10.407083333333334
0.7,12.227500000000001
0.0,12.851666666666665
0.30000000000000004,13.304999999999998
0.7,13.170833333333334
0.0,13.54875
0.0,14.398333333333339
1.9000000000000001,14.355000000000002
4.2,13.179166666666669
0.8999999999999999,13.143750000000002
1.6,14.130416666666667
3.9000000000000004,13.568333333333335
9.8,12.11208333333333
0.9999999999999999,10.239583333333332
0.0,14.237916666666665
0.0,14.337916666666667
2.5000000000000004,7.909166666666665
4.800000000000001,6.494583333333334
2.7,6.395833333333333
1.3,2.4383333333333335
0.0,4.485
0.1,5.9504166666666665
0.0,9.69375
0.0,14.275833333333336
0.0,16.265000000000004
0.0,15.418749999999998
1.0,15.01833333333333
0.1,14.472083333333332
0.0,12.932916666666669
2.1,12.170416666666668
0.1,11.139999999999999
0.0,12.750833333333333
0.0,13.055
1.4000000000000001,9.712916666666667
8.5,7.023333333333333
3.0000000000000004,9.657083333333334
2.6,4.7525
4.0,8.230416666666665
0.4,8.891250000000001
0.6000000000000001,9.097083333333334
0.1,10.177083333333334
1.2,8.928333333333333
11.1,9.938333333333334
17.099999999999998,2.6737499999999996
0.1,0.9891666666666669
2.1,3.723750000000001
6.299999999999999,2.48375
8.100000000000001,5.145
7.0,2.3354166666666667
0.2,9.552916666666667
16.5,5.595416666666666
0.0,4.01375
0.0,10.577916666666669
0.0,10.390416666666665
0.4,9.468333333333335
0.0,8.939166666666665
29.800000000000004,3.8004166666666666
0.0,3.2108333333333334
0.1,6.252083333333334
0.5,4.342083333333333
4.300000000000002,4.3741666666666665
25.3,5.996666666666665
34.0,5.238333333333333
7.1999999999999975,5.907083333333332
0.1,3.9670833333333326
10.099999999999998,4.412499999999999
0.2,4.417083333333333
0.0,8.494583333333333
0.1,8.704166666666664
5.499999999999999,7.725833333333333
7.099999999999999,5.642500000000001
1.5,4.710416666666666
5.6,4.492083333333332
3.5,4.282916666666667
4.4,3.649583333333334
18.699999999999996,0.1824999999999999
8.799999999999997,-0.804166666666667
0.30000000000000004,-2.8154166666666662
3.1999999999999997,-2.807083333333333
2.9999999999999996,-3.665416666666667
12.7,-3.880833333333334
0.9999999999999999,-6.725416666666667
0.0,-4.984166666666667
1.5,-2.1737499999999996
0.0,-5.343749999999997
0.2,-6.942083333333332
14.8,-7.472083333333333
13.100000000000001,-5.273749999999999
1.7,-6.120416666666666
4.399999999999999,-4.4279166666666665
0.6000000000000001,-5.01125
6.8,-0.8520833333333332
0.0,-0.47291666666666665
0.8,-3.523333333333333
8.6,-2.52875
37.800000000000004,1.2695833333333335
12.100000000000001,1.25125
1.1,3.0125000000000006
0.0,3.5741666666666667
5.699999999999998,-0.6058333333333334
16.1,-2.1420833333333333
21.099999999999998,-3.117916666666666
0.7000000000000001,-0.3208333333333334
12.4,-1.8895833333333336
0.2,-0.6095833333333333
0.0,1.8758333333333335
0.0,2.82875
0.0,2.23375
0.0,1.5887499999999999
0.4,-0.3079166666666666
0.5,3.5762499999999995
27.7,-5.7004166666666665
7.8,-4.9329166666666655
2.4,0.33708333333333346
3.4000000000000004,-7.698333333333333
42.699999999999996,-6.797083333333332
18.8,-3.8925
1.1,-0.9141666666666667
0.1,-0.7487500000000002
8.100000000000001,1.0295833333333333
1.5,1.3295833333333333
7.9,0.5475
12.499999999999998,-0.39375000000000004
8.2,-3.7862500000000003
30.6,-4.500833333333333
40.5,-6.66375
21.8,-2.3979166666666663
0.0,-5.800416666666668
0.7,-0.34125000000000005
12.5,-3.301666666666666
0.0,1.3616666666666666
0.0,3.811666666666666
0.0,5.456250000000001
0.0,6.140833333333332
0.0,4.374166666666665
0.0,-2.30375
0.7999999999999999,2.445833333333333
0.0,-4.869999999999999
0.0,1.2191666666666665
0.0,4.882083333333335
0.0,-1.7316666666666667
0.0,4.410833333333334
0.0,4.5179166666666655
0.0,-3.0420833333333337
0.0,1.1516666666666666
0.0,5.595833333333334
0.0,3.06625
0.0,2.4216666666666664
0.0,3.9608333333333348
0.0,2.8433333333333333
7.3999999999999995,0.07624999999999993
0.7,-8.595
0.0,-8.628749999999998
0.0,-9.757083333333334
0.0,-4.220416666666667
0.0,0.75875
0.0,0.6716666666666665
0.0,-0.7995833333333332
0.1,-2.0629166666666667
0.6000000000000001,-2.330833333333333
1.3,-2.4450000000000007
34.7,-5.5254166666666675
24.200000000000003,-6.640416666666667
4.4,0.28291666666666654
1.3,2.599583333333334
3.5999999999999996,1.3225000000000002
25.400000000000002,0.9441666666666665
6.099999999999999,0.6125000000000002
46.0,-7.393749999999998
5.699999999999999,-8.851666666666665
0.0,1.0270833333333333
0.0,3.1750000000000003
0.0,1.8133333333333335
0.0,1.0962500000000002
7.999999999999999,-2.5154166666666664
16.7,-7.55125
1.9,-8.924583333333333
11.5,-2.19375
9.1,-2.2812499999999996
0.0,4.839166666666666
0.0,4.612916666666668
4.199999999999999,1.490833333333333
0.4,-3.5070833333333327
5.8,-7.12
0.0,0.016666666666666424
0.2,-1.9633333333333338
0.0,4.8741666666666665
0.7999999999999999,3.3966666666666665
0.0,3.6554166666666674
4.6000000000000005,-0.7270833333333333
32.6,-10.7025
14.400000000000002,-7.71375
2.7,-5.37
2.0,-0.7562500000000001
5.6,-5.190833333333333
12.6,-4.888750000000001
7.7,-10.027916666666666
2.7,-5.890416666666667
12.500000000000002,-1.3325
4.799999999999999,-7.878749999999999
3.1,-7.883333333333332
0.0,-0.23416666666666683
9.0,-6.4345833333333315
13.899999999999999,0.33833333333333293
3.8,4.95625
5.9,4.145
4.499999999999999,0.7116666666666666
0.0,-0.6995833333333333
0.0,3.0349999999999997
0.0,4.0616666666666665
0.0,3.4516666666666667
0.0,3.8220833333333335
0.0,3.1991666666666667
0.0,1.47875
0.0,1.0245833333333334
0.0,-0.37333333333333335
0.0,-0.7899999999999999
0.0,-5.782916666666668
1.5000000000000002,-7.421666666666666
0.30000000000000004,-6.685
0.0,0.21499999999999975
0.1,0.3862499999999999
1.4000000000000001,-0.30791666666666667
4.5,-0.5108333333333335
0.0,-3.0662499999999997
0.0,-0.6233333333333334
0.0,-1.6224999999999998
0.0,-1.5370833333333331
0.0,1.0295833333333333
0.0,4.054166666666666
0.0,3.19
0.0,2.537499999999999
0.0,2.417083333333333
0.0,2.5358333333333336
0.0,3.0683333333333334
0.0,3.0924999999999994
0.0,2.25
0.0,2.4208333333333334
0.0,2.516666666666667
0.0,5.014166666666667
0.0,5.388333333333333
0.0,5.878333333333334
0.0,6.40875
0.1,5.907916666666666
7.1000000000000005,3.8095833333333338
0.1,3.5904166666666666
0.30000000000000004,3.2870833333333334
0.0,3.792083333333334
1.2,4.195833333333334
0.0,4.8237499999999995
4.700000000000001,4.402083333333332
0.8999999999999999,3.984583333333333
17.099999999999998,3.4266666666666663
2.6999999999999997,0.20541666666666666
13.1,1.2275000000000003
18.8,-0.2591666666666669
31.700000000000003,1.1095833333333334
14.500000000000002,2.6170833333333334
0.0,5.489166666666666
2.2,6.26875
0.0,4.850416666666667
0.0,8.128750000000002
0.0,8.750833333333333
1.6,8.187916666666668
1.4000000000000001,6.5058333333333325
14.999999999999998,3.9604166666666667
4.6000000000000005,3.7966666666666664
7.3999999999999995,4.184166666666666
7.800000000000001,3.8037499999999995
3.5,4.723333333333333
5.099999999999999,5.237916666666667
0.8,5.670833333333333
0.5,5.413333333333333
0.2,6.0425
0.1,6.602916666666666
0.0,7.995
0.0,9.309583333333334
10.799999999999999,6.694166666666667
0.0,4.617499999999999
0.0,6.300000000000002
0.0,6.5683333333333325
0.5,5.738333333333332
0.0,5.9624999999999995
0.0,3.8745833333333337
0.0,3.478333333333333
0.0,4.068333333333334
0.0,5.693333333333334
0.0,6.732916666666668
8.5,5.921666666666667
15.100000000000001,4.543333333333335
7.799999999999999,1.955416666666667
1.9,4.251666666666668
8.199999999999998,4.851666666666666
9.399999999999999,3.2029166666666664
14.799999999999997,3.5050000000000003
7.899999999999999,3.633333333333333
1.1,3.2754166666666666
1.6,3.5354166666666678
10.799999999999999,4.734166666666666
2.7000000000000006,4.951249999999999
2.700000000000001,5.083333333333333
2.2,5.599583333333334
11.199999999999998,4.62
0.8,3.5625000000000013
0.0,4.2908333333333335
0.0,4.992916666666667
0.0,6.164583333333333
0.1,7.70625
0.0,11.775
0.0,11.453750000000001
0.0,10.58375
6.4,9.77125
6.999999999999999,8.333333333333334
2.6999999999999997,8.425833333333332
2.7,7.685000000000001
0.0,10.7875
2.5,9.319583333333332
0.7,9.93791666666667
3.000000000000001,7.167916666666667
0.6,9.464583333333335
0.0,11.642083333333332
1.2,9.157499999999999
0.7,9.585833333333335
0.0,10.495416666666667
0.0,12.635833333333336
9.0,10.375416666666666
5.300000000000001,8.408749999999998
0.0,10.250833333333334
0.0,10.66625
1.6,9.136666666666668
5.199999999999999,8.642916666666666
1.7,10.17375
0.9999999999999999,11.214166666666666
0.0,12.09208333333333
0.0,13.856250000000001
0.0,14.633750000000001
0.0,13.870416666666666
1.7,13.445416666666667
0.0,13.597500000000002
4.3,8.546666666666665
0.0,11.714999999999998
0.0,12.18625
0.0,15.640833333333333
2.6999999999999997,15.86
0.0,15.643750000000002
0.2,16.03291666666666
0.0,17.76541666666667
0.0,17.390416666666667
4.900000000000001,14.637500000000001
24.2,7.519583333333336
14.3,4.0370833333333325
0.0,11.747916666666667
0.0,16.744583333333335
0.0,17.173333333333336
0.0,17.271250000000002
0.0,17.488749999999996
5.500000000000001,15.424583333333333
0.5,14.354166666666666
5.0,15.520000000000001
5.1000000000000005,12.955833333333333
3.0,12.636666666666668
0.0,13.595416666666667
5.199999999999999,13.425000000000002
7.7,11.53
0.0,11.048333333333334
0.0,13.469583333333333
0.0,16.043750000000003
0.0,16.295833333333338
3.8,14.923749999999997
1.3,12.715833333333334
0.5,11.037083333333333
0.0,12.764999999999999
0.0,12.435416666666667
0.0,14.024166666666664
12.8,10.515833333333335
47.1,9.10625
11.999999999999998,4.948333333333334
0.6,4.2804166666666665
0.30000000000000004,7.411666666666665
0.0,6.905
0.0,11.383750000000001
0.0,15.999583333333332
0.0,14.063333333333333
1.5000000000000002,10.0725
0.8,9.265
0.0,13.420416666666668
0.8,13.772499999999999
2.8,12.091249999999997
6.3999999999999995,11.694583333333332
0.7,13.184999999999997
0.0,14.792916666666665
0.0,14.921249999999993
0.0,14.167499999999999
0.1,12.817916666666667
1.1,12.762499999999998
0.30000000000000004,13.011666666666668
2.4,11.845833333333333
5.1,9.937916666666666
8.399999999999999,9.004583333333333
8.1,8.430833333333332
3.6999999999999997,7.87
7.4,7.255000000000003
21.900000000000002,-0.7395833333333331
21.599999999999994,-5.436250000000001
1.6,-1.2558333333333336
0.30000000000000004,1.2375
6.300000000000001,6.2129166666666675
0.0,8.31625
4.5,6.16125
47.2,5.289999999999999
44.3,1.783333333333333
6.7,-0.9583333333333335
0.0,-1.030833333333333
4.8,2.6408333333333336
8.1,-0.7716666666666668
0.0,5.588333333333332
0.0,6.858333333333334
3.400000000000001,2.412083333333332
2.4,-3.854583333333333
0.8999999999999999,-4.427500000000001
1.8000000000000003,-0.11666666666666675
3.7000000000000006,-1.7683333333333335
2.9,-1.1704166666666667
0.0,-1.3983333333333334
0.4,0.19916666666666663
0.0,0.3787499999999999
0.0,4.812083333333334
0.0,6.9775
0.0,3.5645833333333337
2.3000000000000003,4.0025
23.6,4.032916666666668
0.5,2.897916666666667
0.0,3.151249999999999
16.099999999999998,-0.29416666666666674
0.4,-1.8779166666666673
1.7000000000000002,3.083333333333334
1.8000000000000003,1.5379166666666666
0.0,7.628333333333335
0.0,9.862083333333333
0.30000000000000004,8.621250000000002
0.0,8.972916666666665
2.0000000000000004,7.00875
1.5,3.6837499999999994
0.0,4.26625
0.0,6.408333333333334
0.0,7.513750000000001
4.3,4.43875
0.0,3.6512499999999997
0.2,2.8387500000000006
0.0,1.7425
0.0,2.5720833333333335
0.0,2.725
0.0,4.085416666666666
0.7,5.1620833333333325
5.8999999999999995,-1.20625
0.0,5.978333333333333
0.0,8.12625
4.199999999999999,1.7424999999999995
1.6000000000000003,-6.132083333333333
0.0,2.285833333333333
0.0,7.426666666666667
0.0,6.066666666666666
0.0,4.622083333333333
0.0,0.3383333333333334
0.0,3.0625
0.0,2.0412500000000002
0.0,2.9708333333333328
0.0,2.067083333333334
0.0,0.10124999999999999
5.9,-4.258333333333334
0.0,-5.3708333333333345
0.0,-4.62375
9.899999999999997,-7.401250000000001
0.30000000000000004,-7.0929166666666665
0.1,-5.468750000000001
1.3000000000000005,-7.489583333333333
1.2,-6.446666666666666
6.9,-6.841666666666669
0.0,-4.730416666666666
2.0,-2.31375
9.299999999999999,-3.0350000000000006
2.9,-1.6441666666666663
0.0,4.19
1.4000000000000004,2.2720833333333332
0.0,2.32
0.0,2.5854166666666667
0.0,1.1104166666666664
0.0,-1.1937500000000003
0.7,0.044999999999999964
3.1,1.4675
1.6,2.6666666666666665
0.0,2.3704166666666664
4.300000000000001,-2.9629166666666666
7.800000000000001,-10.580833333333333
0.0,-7.656666666666664
3.9,-3.739583333333334
15.099999999999998,-9.15125
6.399999999999998,-9.041666666666668
1.1,-9.286666666666667
0.4,-6.833333333333333
